sample_name	library_name	fq1	fq2	sra
CW0008	SRR7279494	/xdisk/rpalaniv/cjperkins1/kmers-gwas/genomes/varitome/fastq/SRX4183297_SRR7279494_1.fastq.gz	/xdisk/rpalaniv/cjperkins1/kmers-gwas/genomes/varitome/fastq/SRX4183297_SRR7279494_2.fastq.gz	SRR7279494
CW0010	SRR7279547	/xdisk/rpalaniv/cjperkins1/kmers-gwas/genomes/varitome/fastq/SRX4183244_SRR7279547_1.fastq.gz	/xdisk/rpalaniv/cjperkins1/kmers-gwas/genomes/varitome/fastq/SRX4183244_SRR7279547_2.fastq.gz	SRR7279547
CW0011	SRR7279560	/xdisk/rpalaniv/cjperkins1/kmers-gwas/genomes/varitome/fastq/SRX4183231_SRR7279560_1.fastq.gz	/xdisk/rpalaniv/cjperkins1/kmers-gwas/genomes/varitome/fastq/SRX4183231_SRR7279560_2.fastq.gz	SRR7279560
CW0012	SRR7279726	/xdisk/rpalaniv/cjperkins1/kmers-gwas/genomes/varitome/fastq/SRX4183065_SRR7279726_1.fastq.gz	/xdisk/rpalaniv/cjperkins1/kmers-gwas/genomes/varitome/fastq/SRX4183065_SRR7279726_2.fastq.gz	SRR7279726
CW0014	SRR7279550	/xdisk/rpalaniv/cjperkins1/kmers-gwas/genomes/varitome/fastq/SRX4183241_SRR7279550_1.fastq.gz	/xdisk/rpalaniv/cjperkins1/kmers-gwas/genomes/varitome/fastq/SRX4183241_SRR7279550_2.fastq.gz	SRR7279550
CW0016	SRR7279517	/xdisk/rpalaniv/cjperkins1/kmers-gwas/genomes/varitome/fastq/SRX4183274_SRR7279517_1.fastq.gz	/xdisk/rpalaniv/cjperkins1/kmers-gwas/genomes/varitome/fastq/SRX4183274_SRR7279517_2.fastq.gz	SRR7279517
CW0018	SRR7279519	/xdisk/rpalaniv/cjperkins1/kmers-gwas/genomes/varitome/fastq/SRX4183272_SRR7279519_1.fastq.gz	/xdisk/rpalaniv/cjperkins1/kmers-gwas/genomes/varitome/fastq/SRX4183272_SRR7279519_2.fastq.gz	SRR7279519
CW0019	SRR7279511	/xdisk/rpalaniv/cjperkins1/kmers-gwas/genomes/varitome/fastq/SRX4183280_SRR7279511_1.fastq.gz	/xdisk/rpalaniv/cjperkins1/kmers-gwas/genomes/varitome/fastq/SRX4183280_SRR7279511_2.fastq.gz	SRR7279511
CW0020	SRR7279567	/xdisk/rpalaniv/cjperkins1/kmers-gwas/genomes/varitome/fastq/SRX4183224_SRR7279567_1.fastq.gz	/xdisk/rpalaniv/cjperkins1/kmers-gwas/genomes/varitome/fastq/SRX4183224_SRR7279567_2.fastq.gz	SRR7279567
CW0021	SRR7279572	/xdisk/rpalaniv/cjperkins1/kmers-gwas/genomes/varitome/fastq/SRX4183219_SRR7279572_1.fastq.gz	/xdisk/rpalaniv/cjperkins1/kmers-gwas/genomes/varitome/fastq/SRX4183219_SRR7279572_2.fastq.gz	SRR7279572
CW0022	SRR7279630	/xdisk/rpalaniv/cjperkins1/kmers-gwas/genomes/varitome/fastq/SRX4183161_SRR7279630_1.fastq.gz	/xdisk/rpalaniv/cjperkins1/kmers-gwas/genomes/varitome/fastq/SRX4183161_SRR7279630_2.fastq.gz	SRR7279630
CW0023	SRR7279486	/xdisk/rpalaniv/cjperkins1/kmers-gwas/genomes/varitome/fastq/SRX4183305_SRR7279486_1.fastq.gz	/xdisk/rpalaniv/cjperkins1/kmers-gwas/genomes/varitome/fastq/SRX4183305_SRR7279486_2.fastq.gz	SRR7279486
CW0024	SRR7279691	/xdisk/rpalaniv/cjperkins1/kmers-gwas/genomes/varitome/fastq/SRX4183100_SRR7279691_1.fastq.gz	/xdisk/rpalaniv/cjperkins1/kmers-gwas/genomes/varitome/fastq/SRX4183100_SRR7279691_2.fastq.gz	SRR7279691
CW0027	SRR7279591	/xdisk/rpalaniv/cjperkins1/kmers-gwas/genomes/varitome/fastq/SRX4183200_SRR7279591_1.fastq.gz	/xdisk/rpalaniv/cjperkins1/kmers-gwas/genomes/varitome/fastq/SRX4183200_SRR7279591_2.fastq.gz	SRR7279591
CW0028	SRR7279531	/xdisk/rpalaniv/cjperkins1/kmers-gwas/genomes/varitome/fastq/SRX4183260_SRR7279531_1.fastq.gz	/xdisk/rpalaniv/cjperkins1/kmers-gwas/genomes/varitome/fastq/SRX4183260_SRR7279531_2.fastq.gz	SRR7279531
CW0029	SRR7279533	/xdisk/rpalaniv/cjperkins1/kmers-gwas/genomes/varitome/fastq/SRX4183258_SRR7279533_1.fastq.gz	/xdisk/rpalaniv/cjperkins1/kmers-gwas/genomes/varitome/fastq/SRX4183258_SRR7279533_2.fastq.gz	SRR7279533
CW0034	SRR7279574	/xdisk/rpalaniv/cjperkins1/kmers-gwas/genomes/varitome/fastq/SRX4183217_SRR7279574_1.fastq.gz	/xdisk/rpalaniv/cjperkins1/kmers-gwas/genomes/varitome/fastq/SRX4183217_SRR7279574_2.fastq.gz	SRR7279574
CW0038	SRR7279620	/xdisk/rpalaniv/cjperkins1/kmers-gwas/genomes/varitome/fastq/SRX4183171_SRR7279620_1.fastq.gz	/xdisk/rpalaniv/cjperkins1/kmers-gwas/genomes/varitome/fastq/SRX4183171_SRR7279620_2.fastq.gz	SRR7279620
CW0039	SRR7279555	/xdisk/rpalaniv/cjperkins1/kmers-gwas/genomes/varitome/fastq/SRX4183236_SRR7279555_1.fastq.gz	/xdisk/rpalaniv/cjperkins1/kmers-gwas/genomes/varitome/fastq/SRX4183236_SRR7279555_2.fastq.gz	SRR7279555
CW0040	SRR7279549	/xdisk/rpalaniv/cjperkins1/kmers-gwas/genomes/varitome/fastq/SRX4183242_SRR7279549_1.fastq.gz	/xdisk/rpalaniv/cjperkins1/kmers-gwas/genomes/varitome/fastq/SRX4183242_SRR7279549_2.fastq.gz	SRR7279549
CW0042	SRR7279604	/xdisk/rpalaniv/cjperkins1/kmers-gwas/genomes/varitome/fastq/SRX4183187_SRR7279604_1.fastq.gz	/xdisk/rpalaniv/cjperkins1/kmers-gwas/genomes/varitome/fastq/SRX4183187_SRR7279604_2.fastq.gz	SRR7279604
CW0043	SRR7279618	/xdisk/rpalaniv/cjperkins1/kmers-gwas/genomes/varitome/fastq/SRX4183173_SRR7279618_1.fastq.gz	/xdisk/rpalaniv/cjperkins1/kmers-gwas/genomes/varitome/fastq/SRX4183173_SRR7279618_2.fastq.gz	SRR7279618
CW0045	SRR7279708	/xdisk/rpalaniv/cjperkins1/kmers-gwas/genomes/varitome/fastq/SRX4183083_SRR7279708_1.fastq.gz	/xdisk/rpalaniv/cjperkins1/kmers-gwas/genomes/varitome/fastq/SRX4183083_SRR7279708_2.fastq.gz	SRR7279708
CW0047	SRR7279590	/xdisk/rpalaniv/cjperkins1/kmers-gwas/genomes/varitome/fastq/SRX4183201_SRR7279590_1.fastq.gz	/xdisk/rpalaniv/cjperkins1/kmers-gwas/genomes/varitome/fastq/SRX4183201_SRR7279590_2.fastq.gz	SRR7279590
CW0048	SRR7279510	/xdisk/rpalaniv/cjperkins1/kmers-gwas/genomes/varitome/fastq/SRX4183281_SRR7279510_1.fastq.gz	/xdisk/rpalaniv/cjperkins1/kmers-gwas/genomes/varitome/fastq/SRX4183281_SRR7279510_2.fastq.gz	SRR7279510
CW0049	SRR7279678	/xdisk/rpalaniv/cjperkins1/kmers-gwas/genomes/varitome/fastq/SRX4183113_SRR7279678_1.fastq.gz	/xdisk/rpalaniv/cjperkins1/kmers-gwas/genomes/varitome/fastq/SRX4183113_SRR7279678_2.fastq.gz	SRR7279678
CW0051	SRR7279496	/xdisk/rpalaniv/cjperkins1/kmers-gwas/genomes/varitome/fastq/SRX4183295_SRR7279496_1.fastq.gz	/xdisk/rpalaniv/cjperkins1/kmers-gwas/genomes/varitome/fastq/SRX4183295_SRR7279496_2.fastq.gz	SRR7279496
CW0052	SRR7279561	/xdisk/rpalaniv/cjperkins1/kmers-gwas/genomes/varitome/fastq/SRX4183230_SRR7279561_1.fastq.gz	/xdisk/rpalaniv/cjperkins1/kmers-gwas/genomes/varitome/fastq/SRX4183230_SRR7279561_2.fastq.gz	SRR7279561
CW0053	SRR7279644	/xdisk/rpalaniv/cjperkins1/kmers-gwas/genomes/varitome/fastq/SRX4183147_SRR7279644_1.fastq.gz	/xdisk/rpalaniv/cjperkins1/kmers-gwas/genomes/varitome/fastq/SRX4183147_SRR7279644_2.fastq.gz	SRR7279644
CW0054	SRR7279622	/xdisk/rpalaniv/cjperkins1/kmers-gwas/genomes/varitome/fastq/SRX4183169_SRR7279622_1.fastq.gz	/xdisk/rpalaniv/cjperkins1/kmers-gwas/genomes/varitome/fastq/SRX4183169_SRR7279622_2.fastq.gz	SRR7279622
CW0055	SRR7279621	/xdisk/rpalaniv/cjperkins1/kmers-gwas/genomes/varitome/fastq/SRX4183170_SRR7279621_1.fastq.gz	/xdisk/rpalaniv/cjperkins1/kmers-gwas/genomes/varitome/fastq/SRX4183170_SRR7279621_2.fastq.gz	SRR7279621
CW0056	SRR7279679	/xdisk/rpalaniv/cjperkins1/kmers-gwas/genomes/varitome/fastq/SRX4183112_SRR7279679_1.fastq.gz	/xdisk/rpalaniv/cjperkins1/kmers-gwas/genomes/varitome/fastq/SRX4183112_SRR7279679_2.fastq.gz	SRR7279679
CW0058	SRR7279633	/xdisk/rpalaniv/cjperkins1/kmers-gwas/genomes/varitome/fastq/SRX4183158_SRR7279633_1.fastq.gz	/xdisk/rpalaniv/cjperkins1/kmers-gwas/genomes/varitome/fastq/SRX4183158_SRR7279633_2.fastq.gz	SRR7279633
CW0059	SRR7279524	/xdisk/rpalaniv/cjperkins1/kmers-gwas/genomes/varitome/fastq/SRX4183267_SRR7279524_1.fastq.gz	/xdisk/rpalaniv/cjperkins1/kmers-gwas/genomes/varitome/fastq/SRX4183267_SRR7279524_2.fastq.gz	SRR7279524
CW0060	SRR7279594	/xdisk/rpalaniv/cjperkins1/kmers-gwas/genomes/varitome/fastq/SRX4183197_SRR7279594_1.fastq.gz	/xdisk/rpalaniv/cjperkins1/kmers-gwas/genomes/varitome/fastq/SRX4183197_SRR7279594_2.fastq.gz	SRR7279594
CW0061	SRR7279552	/xdisk/rpalaniv/cjperkins1/kmers-gwas/genomes/varitome/fastq/SRX4183239_SRR7279552_1.fastq.gz	/xdisk/rpalaniv/cjperkins1/kmers-gwas/genomes/varitome/fastq/SRX4183239_SRR7279552_2.fastq.gz	SRR7279552
CW0062	SRR7279551	/xdisk/rpalaniv/cjperkins1/kmers-gwas/genomes/varitome/fastq/SRX4183240_SRR7279551_1.fastq.gz	/xdisk/rpalaniv/cjperkins1/kmers-gwas/genomes/varitome/fastq/SRX4183240_SRR7279551_2.fastq.gz	SRR7279551
CW0063	SRR7279523	/xdisk/rpalaniv/cjperkins1/kmers-gwas/genomes/varitome/fastq/SRX4183268_SRR7279523_1.fastq.gz	/xdisk/rpalaniv/cjperkins1/kmers-gwas/genomes/varitome/fastq/SRX4183268_SRR7279523_2.fastq.gz	SRR7279523
CW0064	SRR7279706	/xdisk/rpalaniv/cjperkins1/kmers-gwas/genomes/varitome/fastq/SRX4183085_SRR7279706_1.fastq.gz	/xdisk/rpalaniv/cjperkins1/kmers-gwas/genomes/varitome/fastq/SRX4183085_SRR7279706_2.fastq.gz	SRR7279706
CW0065	SRR7279690	/xdisk/rpalaniv/cjperkins1/kmers-gwas/genomes/varitome/fastq/SRX4183101_SRR7279690_1.fastq.gz	/xdisk/rpalaniv/cjperkins1/kmers-gwas/genomes/varitome/fastq/SRX4183101_SRR7279690_2.fastq.gz	SRR7279690
CW0069	SRR7279568	/xdisk/rpalaniv/cjperkins1/kmers-gwas/genomes/varitome/fastq/SRX4183223_SRR7279568_1.fastq.gz	/xdisk/rpalaniv/cjperkins1/kmers-gwas/genomes/varitome/fastq/SRX4183223_SRR7279568_2.fastq.gz	SRR7279568
CW0071	SRR7279610	/xdisk/rpalaniv/cjperkins1/kmers-gwas/genomes/varitome/fastq/SRX4183181_SRR7279610_1.fastq.gz	/xdisk/rpalaniv/cjperkins1/kmers-gwas/genomes/varitome/fastq/SRX4183181_SRR7279610_2.fastq.gz	SRR7279610
CW0073	SRR7279542	/xdisk/rpalaniv/cjperkins1/kmers-gwas/genomes/varitome/fastq/SRX4183249_SRR7279542_1.fastq.gz	/xdisk/rpalaniv/cjperkins1/kmers-gwas/genomes/varitome/fastq/SRX4183249_SRR7279542_2.fastq.gz	SRR7279542
CW0074	SRR7279513	/xdisk/rpalaniv/cjperkins1/kmers-gwas/genomes/varitome/fastq/SRX4183278_SRR7279513_1.fastq.gz	/xdisk/rpalaniv/cjperkins1/kmers-gwas/genomes/varitome/fastq/SRX4183278_SRR7279513_2.fastq.gz	SRR7279513
CW0075	SRR7279489	/xdisk/rpalaniv/cjperkins1/kmers-gwas/genomes/varitome/fastq/SRX4183302_SRR7279489_1.fastq.gz	/xdisk/rpalaniv/cjperkins1/kmers-gwas/genomes/varitome/fastq/SRX4183302_SRR7279489_2.fastq.gz	SRR7279489
CW0076	SRR7279642	/xdisk/rpalaniv/cjperkins1/kmers-gwas/genomes/varitome/fastq/SRX4183149_SRR7279642_1.fastq.gz	/xdisk/rpalaniv/cjperkins1/kmers-gwas/genomes/varitome/fastq/SRX4183149_SRR7279642_2.fastq.gz	SRR7279642
CW0077	SRR7279660	/xdisk/rpalaniv/cjperkins1/kmers-gwas/genomes/varitome/fastq/SRX4183131_SRR7279660_1.fastq.gz	/xdisk/rpalaniv/cjperkins1/kmers-gwas/genomes/varitome/fastq/SRX4183131_SRR7279660_2.fastq.gz	SRR7279660
CW0079	SRR7279722	/xdisk/rpalaniv/cjperkins1/kmers-gwas/genomes/varitome/fastq/SRX4183069_SRR7279722_1.fastq.gz	/xdisk/rpalaniv/cjperkins1/kmers-gwas/genomes/varitome/fastq/SRX4183069_SRR7279722_2.fastq.gz	SRR7279722
CW0080	SRR7279569	/xdisk/rpalaniv/cjperkins1/kmers-gwas/genomes/varitome/fastq/SRX4183222_SRR7279569_1.fastq.gz	/xdisk/rpalaniv/cjperkins1/kmers-gwas/genomes/varitome/fastq/SRX4183222_SRR7279569_2.fastq.gz	SRR7279569
CW0081	SRR7279538	/xdisk/rpalaniv/cjperkins1/kmers-gwas/genomes/varitome/fastq/SRX4183253_SRR7279538_1.fastq.gz	/xdisk/rpalaniv/cjperkins1/kmers-gwas/genomes/varitome/fastq/SRX4183253_SRR7279538_2.fastq.gz	SRR7279538
CW0082	SRR7279585	/xdisk/rpalaniv/cjperkins1/kmers-gwas/genomes/varitome/fastq/SRX4183206_SRR7279585_1.fastq.gz	/xdisk/rpalaniv/cjperkins1/kmers-gwas/genomes/varitome/fastq/SRX4183206_SRR7279585_2.fastq.gz	SRR7279585
CW0083	SRR7279509	/xdisk/rpalaniv/cjperkins1/kmers-gwas/genomes/varitome/fastq/SRX4183282_SRR7279509_1.fastq.gz	/xdisk/rpalaniv/cjperkins1/kmers-gwas/genomes/varitome/fastq/SRX4183282_SRR7279509_2.fastq.gz	SRR7279509
CW0084	SRR7279482	/xdisk/rpalaniv/cjperkins1/kmers-gwas/genomes/varitome/fastq/SRX4183309_SRR7279482_1.fastq.gz	/xdisk/rpalaniv/cjperkins1/kmers-gwas/genomes/varitome/fastq/SRX4183309_SRR7279482_2.fastq.gz	SRR7279482
CW0085	SRR7279684	/xdisk/rpalaniv/cjperkins1/kmers-gwas/genomes/varitome/fastq/SRX4183107_SRR7279684_1.fastq.gz	/xdisk/rpalaniv/cjperkins1/kmers-gwas/genomes/varitome/fastq/SRX4183107_SRR7279684_2.fastq.gz	SRR7279684
CW0086	SRR7279645	/xdisk/rpalaniv/cjperkins1/kmers-gwas/genomes/varitome/fastq/SRX4183146_SRR7279645_1.fastq.gz	/xdisk/rpalaniv/cjperkins1/kmers-gwas/genomes/varitome/fastq/SRX4183146_SRR7279645_2.fastq.gz	SRR7279645
CW0087	SRR7279627	/xdisk/rpalaniv/cjperkins1/kmers-gwas/genomes/varitome/fastq/SRX4183164_SRR7279627_1.fastq.gz	/xdisk/rpalaniv/cjperkins1/kmers-gwas/genomes/varitome/fastq/SRX4183164_SRR7279627_2.fastq.gz	SRR7279627
CW0088	SRR7279661	/xdisk/rpalaniv/cjperkins1/kmers-gwas/genomes/varitome/fastq/SRX4183130_SRR7279661_1.fastq.gz	/xdisk/rpalaniv/cjperkins1/kmers-gwas/genomes/varitome/fastq/SRX4183130_SRR7279661_2.fastq.gz	SRR7279661
CW0089	SRR7279566	/xdisk/rpalaniv/cjperkins1/kmers-gwas/genomes/varitome/fastq/SRX4183225_SRR7279566_1.fastq.gz	/xdisk/rpalaniv/cjperkins1/kmers-gwas/genomes/varitome/fastq/SRX4183225_SRR7279566_2.fastq.gz	SRR7279566
CW0090	SRR7279725	/xdisk/rpalaniv/cjperkins1/kmers-gwas/genomes/varitome/fastq/SRX4183066_SRR7279725_1.fastq.gz	/xdisk/rpalaniv/cjperkins1/kmers-gwas/genomes/varitome/fastq/SRX4183066_SRR7279725_2.fastq.gz	SRR7279725
CW0091	SRR7279631	/xdisk/rpalaniv/cjperkins1/kmers-gwas/genomes/varitome/fastq/SRX4183160_SRR7279631_1.fastq.gz	/xdisk/rpalaniv/cjperkins1/kmers-gwas/genomes/varitome/fastq/SRX4183160_SRR7279631_2.fastq.gz	SRR7279631
CW0093	SRR7279607	/xdisk/rpalaniv/cjperkins1/kmers-gwas/genomes/varitome/fastq/SRX4183184_SRR7279607_1.fastq.gz	/xdisk/rpalaniv/cjperkins1/kmers-gwas/genomes/varitome/fastq/SRX4183184_SRR7279607_2.fastq.gz	SRR7279607
CW0094	SRR7279606	/xdisk/rpalaniv/cjperkins1/kmers-gwas/genomes/varitome/fastq/SRX4183185_SRR7279606_1.fastq.gz	/xdisk/rpalaniv/cjperkins1/kmers-gwas/genomes/varitome/fastq/SRX4183185_SRR7279606_2.fastq.gz	SRR7279606
CW0095	SRR7279724	/xdisk/rpalaniv/cjperkins1/kmers-gwas/genomes/varitome/fastq/SRX4183067_SRR7279724_1.fastq.gz	/xdisk/rpalaniv/cjperkins1/kmers-gwas/genomes/varitome/fastq/SRX4183067_SRR7279724_2.fastq.gz	SRR7279724
CW0096	SRR7279670	/xdisk/rpalaniv/cjperkins1/kmers-gwas/genomes/varitome/fastq/SRX4183121_SRR7279670_1.fastq.gz	/xdisk/rpalaniv/cjperkins1/kmers-gwas/genomes/varitome/fastq/SRX4183121_SRR7279670_2.fastq.gz	SRR7279670
CW0097	SRR7279603	/xdisk/rpalaniv/cjperkins1/kmers-gwas/genomes/varitome/fastq/SRX4183188_SRR7279603_1.fastq.gz	/xdisk/rpalaniv/cjperkins1/kmers-gwas/genomes/varitome/fastq/SRX4183188_SRR7279603_2.fastq.gz	SRR7279603
CW0098	SRR7279512	/xdisk/rpalaniv/cjperkins1/kmers-gwas/genomes/varitome/fastq/SRX4183279_SRR7279512_1.fastq.gz	/xdisk/rpalaniv/cjperkins1/kmers-gwas/genomes/varitome/fastq/SRX4183279_SRR7279512_2.fastq.gz	SRR7279512
CW0099	SRR7279546	/xdisk/rpalaniv/cjperkins1/kmers-gwas/genomes/varitome/fastq/SRX4183245_SRR7279546_1.fastq.gz	/xdisk/rpalaniv/cjperkins1/kmers-gwas/genomes/varitome/fastq/SRX4183245_SRR7279546_2.fastq.gz	SRR7279546
CW0101	SRR7279671	/xdisk/rpalaniv/cjperkins1/kmers-gwas/genomes/varitome/fastq/SRX4183120_SRR7279671_1.fastq.gz	/xdisk/rpalaniv/cjperkins1/kmers-gwas/genomes/varitome/fastq/SRX4183120_SRR7279671_2.fastq.gz	SRR7279671
CW0102	SRR7279681	/xdisk/rpalaniv/cjperkins1/kmers-gwas/genomes/varitome/fastq/SRX4183110_SRR7279681_1.fastq.gz	/xdisk/rpalaniv/cjperkins1/kmers-gwas/genomes/varitome/fastq/SRX4183110_SRR7279681_2.fastq.gz	SRR7279681
CW0103	SRR7279526	/xdisk/rpalaniv/cjperkins1/kmers-gwas/genomes/varitome/fastq/SRX4183265_SRR7279526_1.fastq.gz	/xdisk/rpalaniv/cjperkins1/kmers-gwas/genomes/varitome/fastq/SRX4183265_SRR7279526_2.fastq.gz	SRR7279526
CW0104	SRR7279485	/xdisk/rpalaniv/cjperkins1/kmers-gwas/genomes/varitome/fastq/SRX4183306_SRR7279485_1.fastq.gz	/xdisk/rpalaniv/cjperkins1/kmers-gwas/genomes/varitome/fastq/SRX4183306_SRR7279485_2.fastq.gz	SRR7279485
CW0106	SRR7279593	/xdisk/rpalaniv/cjperkins1/kmers-gwas/genomes/varitome/fastq/SRX4183198_SRR7279593_1.fastq.gz	/xdisk/rpalaniv/cjperkins1/kmers-gwas/genomes/varitome/fastq/SRX4183198_SRR7279593_2.fastq.gz	SRR7279593
CW0107	SRR7279579	/xdisk/rpalaniv/cjperkins1/kmers-gwas/genomes/varitome/fastq/SRX4183212_SRR7279579_1.fastq.gz	/xdisk/rpalaniv/cjperkins1/kmers-gwas/genomes/varitome/fastq/SRX4183212_SRR7279579_2.fastq.gz	SRR7279579
CW0108	SRR7279611	/xdisk/rpalaniv/cjperkins1/kmers-gwas/genomes/varitome/fastq/SRX4183180_SRR7279611_1.fastq.gz	/xdisk/rpalaniv/cjperkins1/kmers-gwas/genomes/varitome/fastq/SRX4183180_SRR7279611_2.fastq.gz	SRR7279611
CW0109	SRR7279498	/xdisk/rpalaniv/cjperkins1/kmers-gwas/genomes/varitome/fastq/SRX4183293_SRR7279498_1.fastq.gz	/xdisk/rpalaniv/cjperkins1/kmers-gwas/genomes/varitome/fastq/SRX4183293_SRR7279498_2.fastq.gz	SRR7279498
CW0111	SRR7279652	/xdisk/rpalaniv/cjperkins1/kmers-gwas/genomes/varitome/fastq/SRX4183139_SRR7279652_1.fastq.gz	/xdisk/rpalaniv/cjperkins1/kmers-gwas/genomes/varitome/fastq/SRX4183139_SRR7279652_2.fastq.gz	SRR7279652
CW0112	SRR7279637	/xdisk/rpalaniv/cjperkins1/kmers-gwas/genomes/varitome/fastq/SRX4183154_SRR7279637_1.fastq.gz	/xdisk/rpalaniv/cjperkins1/kmers-gwas/genomes/varitome/fastq/SRX4183154_SRR7279637_2.fastq.gz	SRR7279637
CW0113	SRR7279539	/xdisk/rpalaniv/cjperkins1/kmers-gwas/genomes/varitome/fastq/SRX4183252_SRR7279539_1.fastq.gz	/xdisk/rpalaniv/cjperkins1/kmers-gwas/genomes/varitome/fastq/SRX4183252_SRR7279539_2.fastq.gz	SRR7279539
CW0115	SRR7279689	/xdisk/rpalaniv/cjperkins1/kmers-gwas/genomes/varitome/fastq/SRX4183102_SRR7279689_1.fastq.gz	/xdisk/rpalaniv/cjperkins1/kmers-gwas/genomes/varitome/fastq/SRX4183102_SRR7279689_2.fastq.gz	SRR7279689
CW0117	SRR7279508	/xdisk/rpalaniv/cjperkins1/kmers-gwas/genomes/varitome/fastq/SRX4183283_SRR7279508_1.fastq.gz	/xdisk/rpalaniv/cjperkins1/kmers-gwas/genomes/varitome/fastq/SRX4183283_SRR7279508_2.fastq.gz	SRR7279508
CW0118	SRR7279557	/xdisk/rpalaniv/cjperkins1/kmers-gwas/genomes/varitome/fastq/SRX4183234_SRR7279557_1.fastq.gz	/xdisk/rpalaniv/cjperkins1/kmers-gwas/genomes/varitome/fastq/SRX4183234_SRR7279557_2.fastq.gz	SRR7279557
CW0119	SRR7279612	/xdisk/rpalaniv/cjperkins1/kmers-gwas/genomes/varitome/fastq/SRX4183179_SRR7279612_1.fastq.gz	/xdisk/rpalaniv/cjperkins1/kmers-gwas/genomes/varitome/fastq/SRX4183179_SRR7279612_2.fastq.gz	SRR7279612
CW0120	SRR7279651	/xdisk/rpalaniv/cjperkins1/kmers-gwas/genomes/varitome/fastq/SRX4183140_SRR7279651_1.fastq.gz	/xdisk/rpalaniv/cjperkins1/kmers-gwas/genomes/varitome/fastq/SRX4183140_SRR7279651_2.fastq.gz	SRR7279651
CW0121	SRR7279723	/xdisk/rpalaniv/cjperkins1/kmers-gwas/genomes/varitome/fastq/SRX4183068_SRR7279723_1.fastq.gz	/xdisk/rpalaniv/cjperkins1/kmers-gwas/genomes/varitome/fastq/SRX4183068_SRR7279723_2.fastq.gz	SRR7279723
CW0122	SRR7279639	/xdisk/rpalaniv/cjperkins1/kmers-gwas/genomes/varitome/fastq/SRX4183152_SRR7279639_1.fastq.gz	/xdisk/rpalaniv/cjperkins1/kmers-gwas/genomes/varitome/fastq/SRX4183152_SRR7279639_2.fastq.gz	SRR7279639
CW0123	SRR7279481	/xdisk/rpalaniv/cjperkins1/kmers-gwas/genomes/varitome/fastq/SRX4183310_SRR7279481_1.fastq.gz	/xdisk/rpalaniv/cjperkins1/kmers-gwas/genomes/varitome/fastq/SRX4183310_SRR7279481_2.fastq.gz	SRR7279481
CW0124	SRR7279643	/xdisk/rpalaniv/cjperkins1/kmers-gwas/genomes/varitome/fastq/SRX4183148_SRR7279643_1.fastq.gz	/xdisk/rpalaniv/cjperkins1/kmers-gwas/genomes/varitome/fastq/SRX4183148_SRR7279643_2.fastq.gz	SRR7279643
CW0125	SRR7279578	/xdisk/rpalaniv/cjperkins1/kmers-gwas/genomes/varitome/fastq/SRX4183213_SRR7279578_1.fastq.gz	/xdisk/rpalaniv/cjperkins1/kmers-gwas/genomes/varitome/fastq/SRX4183213_SRR7279578_2.fastq.gz	SRR7279578
CW0126	SRR7279615	/xdisk/rpalaniv/cjperkins1/kmers-gwas/genomes/varitome/fastq/SRX4183176_SRR7279615_1.fastq.gz	/xdisk/rpalaniv/cjperkins1/kmers-gwas/genomes/varitome/fastq/SRX4183176_SRR7279615_2.fastq.gz	SRR7279615
CW0129	SRR7279709	/xdisk/rpalaniv/cjperkins1/kmers-gwas/genomes/varitome/fastq/SRX4183082_SRR7279709_1.fastq.gz	/xdisk/rpalaniv/cjperkins1/kmers-gwas/genomes/varitome/fastq/SRX4183082_SRR7279709_2.fastq.gz	SRR7279709
CW0130	SRR7279711	/xdisk/rpalaniv/cjperkins1/kmers-gwas/genomes/varitome/fastq/SRX4183080_SRR7279711_1.fastq.gz	/xdisk/rpalaniv/cjperkins1/kmers-gwas/genomes/varitome/fastq/SRX4183080_SRR7279711_2.fastq.gz	SRR7279711
CW0131	SRR7279657	/xdisk/rpalaniv/cjperkins1/kmers-gwas/genomes/varitome/fastq/SRX4183134_SRR7279657_1.fastq.gz	/xdisk/rpalaniv/cjperkins1/kmers-gwas/genomes/varitome/fastq/SRX4183134_SRR7279657_2.fastq.gz	SRR7279657
CW0132	SRR7279715	/xdisk/rpalaniv/cjperkins1/kmers-gwas/genomes/varitome/fastq/SRX4183076_SRR7279715_1.fastq.gz	/xdisk/rpalaniv/cjperkins1/kmers-gwas/genomes/varitome/fastq/SRX4183076_SRR7279715_2.fastq.gz	SRR7279715
CW0133	SRR7279602	/xdisk/rpalaniv/cjperkins1/kmers-gwas/genomes/varitome/fastq/SRX4183189_SRR7279602_1.fastq.gz	/xdisk/rpalaniv/cjperkins1/kmers-gwas/genomes/varitome/fastq/SRX4183189_SRR7279602_2.fastq.gz	SRR7279602
CW0135	SRR7279545	/xdisk/rpalaniv/cjperkins1/kmers-gwas/genomes/varitome/fastq/SRX4183246_SRR7279545_1.fastq.gz	/xdisk/rpalaniv/cjperkins1/kmers-gwas/genomes/varitome/fastq/SRX4183246_SRR7279545_2.fastq.gz	SRR7279545
CW0137	SRR7279682	/xdisk/rpalaniv/cjperkins1/kmers-gwas/genomes/varitome/fastq/SRX4183109_SRR7279682_1.fastq.gz	/xdisk/rpalaniv/cjperkins1/kmers-gwas/genomes/varitome/fastq/SRX4183109_SRR7279682_2.fastq.gz	SRR7279682
CW0139	SRR7279491	/xdisk/rpalaniv/cjperkins1/kmers-gwas/genomes/varitome/fastq/SRX4183300_SRR7279491_1.fastq.gz	/xdisk/rpalaniv/cjperkins1/kmers-gwas/genomes/varitome/fastq/SRX4183300_SRR7279491_2.fastq.gz	SRR7279491
CW0140	SRR7279714	/xdisk/rpalaniv/cjperkins1/kmers-gwas/genomes/varitome/fastq/SRX4183077_SRR7279714_1.fastq.gz	/xdisk/rpalaniv/cjperkins1/kmers-gwas/genomes/varitome/fastq/SRX4183077_SRR7279714_2.fastq.gz	SRR7279714
CW0141	SRR7279563	/xdisk/rpalaniv/cjperkins1/kmers-gwas/genomes/varitome/fastq/SRX4183228_SRR7279563_1.fastq.gz	/xdisk/rpalaniv/cjperkins1/kmers-gwas/genomes/varitome/fastq/SRX4183228_SRR7279563_2.fastq.gz	SRR7279563
CW0143	SRR7279680	/xdisk/rpalaniv/cjperkins1/kmers-gwas/genomes/varitome/fastq/SRX4183111_SRR7279680_1.fastq.gz	/xdisk/rpalaniv/cjperkins1/kmers-gwas/genomes/varitome/fastq/SRX4183111_SRR7279680_2.fastq.gz	SRR7279680
CW0144	SRR7279548	/xdisk/rpalaniv/cjperkins1/kmers-gwas/genomes/varitome/fastq/SRX4183243_SRR7279548_1.fastq.gz	/xdisk/rpalaniv/cjperkins1/kmers-gwas/genomes/varitome/fastq/SRX4183243_SRR7279548_2.fastq.gz	SRR7279548
CW0145	SRR7279649	/xdisk/rpalaniv/cjperkins1/kmers-gwas/genomes/varitome/fastq/SRX4183142_SRR7279649_1.fastq.gz	/xdisk/rpalaniv/cjperkins1/kmers-gwas/genomes/varitome/fastq/SRX4183142_SRR7279649_2.fastq.gz	SRR7279649
CW0146	SRR7279647	/xdisk/rpalaniv/cjperkins1/kmers-gwas/genomes/varitome/fastq/SRX4183144_SRR7279647_1.fastq.gz	/xdisk/rpalaniv/cjperkins1/kmers-gwas/genomes/varitome/fastq/SRX4183144_SRR7279647_2.fastq.gz	SRR7279647
CW0148	SRR7279575	/xdisk/rpalaniv/cjperkins1/kmers-gwas/genomes/varitome/fastq/SRX4183216_SRR7279575_1.fastq.gz	/xdisk/rpalaniv/cjperkins1/kmers-gwas/genomes/varitome/fastq/SRX4183216_SRR7279575_2.fastq.gz	SRR7279575
CW0149	SRR7279556	/xdisk/rpalaniv/cjperkins1/kmers-gwas/genomes/varitome/fastq/SRX4183235_SRR7279556_1.fastq.gz	/xdisk/rpalaniv/cjperkins1/kmers-gwas/genomes/varitome/fastq/SRX4183235_SRR7279556_2.fastq.gz	SRR7279556
CW0151	SRR7279492	/xdisk/rpalaniv/cjperkins1/kmers-gwas/genomes/varitome/fastq/SRX4183299_SRR7279492_1.fastq.gz	/xdisk/rpalaniv/cjperkins1/kmers-gwas/genomes/varitome/fastq/SRX4183299_SRR7279492_2.fastq.gz	SRR7279492
CW0153	SRR7279605	/xdisk/rpalaniv/cjperkins1/kmers-gwas/genomes/varitome/fastq/SRX4183186_SRR7279605_1.fastq.gz	/xdisk/rpalaniv/cjperkins1/kmers-gwas/genomes/varitome/fastq/SRX4183186_SRR7279605_2.fastq.gz	SRR7279605
CW0154	SRR7279636	/xdisk/rpalaniv/cjperkins1/kmers-gwas/genomes/varitome/fastq/SRX4183155_SRR7279636_1.fastq.gz	/xdisk/rpalaniv/cjperkins1/kmers-gwas/genomes/varitome/fastq/SRX4183155_SRR7279636_2.fastq.gz	SRR7279636
CW0155	SRR7279609	/xdisk/rpalaniv/cjperkins1/kmers-gwas/genomes/varitome/fastq/SRX4183182_SRR7279609_1.fastq.gz	/xdisk/rpalaniv/cjperkins1/kmers-gwas/genomes/varitome/fastq/SRX4183182_SRR7279609_2.fastq.gz	SRR7279609
CW0156	SRR7279717	/xdisk/rpalaniv/cjperkins1/kmers-gwas/genomes/varitome/fastq/SRX4183074_SRR7279717_1.fastq.gz	/xdisk/rpalaniv/cjperkins1/kmers-gwas/genomes/varitome/fastq/SRX4183074_SRR7279717_2.fastq.gz	SRR7279717
CW0157	SRR7279640	/xdisk/rpalaniv/cjperkins1/kmers-gwas/genomes/varitome/fastq/SRX4183151_SRR7279640_1.fastq.gz	/xdisk/rpalaniv/cjperkins1/kmers-gwas/genomes/varitome/fastq/SRX4183151_SRR7279640_2.fastq.gz	SRR7279640
CW0159	SRR7279595	/xdisk/rpalaniv/cjperkins1/kmers-gwas/genomes/varitome/fastq/SRX4183196_SRR7279595_1.fastq.gz	/xdisk/rpalaniv/cjperkins1/kmers-gwas/genomes/varitome/fastq/SRX4183196_SRR7279595_2.fastq.gz	SRR7279595
CW0160	SRR7279634	/xdisk/rpalaniv/cjperkins1/kmers-gwas/genomes/varitome/fastq/SRX4183157_SRR7279634_1.fastq.gz	/xdisk/rpalaniv/cjperkins1/kmers-gwas/genomes/varitome/fastq/SRX4183157_SRR7279634_2.fastq.gz	SRR7279634
CW0161	SRR7279587	/xdisk/rpalaniv/cjperkins1/kmers-gwas/genomes/varitome/fastq/SRX4183204_SRR7279587_1.fastq.gz	/xdisk/rpalaniv/cjperkins1/kmers-gwas/genomes/varitome/fastq/SRX4183204_SRR7279587_2.fastq.gz	SRR7279587
CW0162	SRR7279564	/xdisk/rpalaniv/cjperkins1/kmers-gwas/genomes/varitome/fastq/SRX4183227_SRR7279564_1.fastq.gz	/xdisk/rpalaniv/cjperkins1/kmers-gwas/genomes/varitome/fastq/SRX4183227_SRR7279564_2.fastq.gz	SRR7279564
CW0163	SRR7279648	/xdisk/rpalaniv/cjperkins1/kmers-gwas/genomes/varitome/fastq/SRX4183143_SRR7279648_1.fastq.gz	/xdisk/rpalaniv/cjperkins1/kmers-gwas/genomes/varitome/fastq/SRX4183143_SRR7279648_2.fastq.gz	SRR7279648
CW0164	SRR7279646	/xdisk/rpalaniv/cjperkins1/kmers-gwas/genomes/varitome/fastq/SRX4183145_SRR7279646_1.fastq.gz	/xdisk/rpalaniv/cjperkins1/kmers-gwas/genomes/varitome/fastq/SRX4183145_SRR7279646_2.fastq.gz	SRR7279646
CW0165	SRR7279502	/xdisk/rpalaniv/cjperkins1/kmers-gwas/genomes/varitome/fastq/SRX4183289_SRR7279502_1.fastq.gz	/xdisk/rpalaniv/cjperkins1/kmers-gwas/genomes/varitome/fastq/SRX4183289_SRR7279502_2.fastq.gz	SRR7279502
CW0166	SRR7279570	/xdisk/rpalaniv/cjperkins1/kmers-gwas/genomes/varitome/fastq/SRX4183221_SRR7279570_1.fastq.gz	/xdisk/rpalaniv/cjperkins1/kmers-gwas/genomes/varitome/fastq/SRX4183221_SRR7279570_2.fastq.gz	SRR7279570
CW0167	SRR7279573	/xdisk/rpalaniv/cjperkins1/kmers-gwas/genomes/varitome/fastq/SRX4183218_SRR7279573_1.fastq.gz	/xdisk/rpalaniv/cjperkins1/kmers-gwas/genomes/varitome/fastq/SRX4183218_SRR7279573_2.fastq.gz	SRR7279573
CW0168	SRR7279495	/xdisk/rpalaniv/cjperkins1/kmers-gwas/genomes/varitome/fastq/SRX4183296_SRR7279495_1.fastq.gz	/xdisk/rpalaniv/cjperkins1/kmers-gwas/genomes/varitome/fastq/SRX4183296_SRR7279495_2.fastq.gz	SRR7279495
CW0169	SRR7279534	/xdisk/rpalaniv/cjperkins1/kmers-gwas/genomes/varitome/fastq/SRX4183257_SRR7279534_1.fastq.gz	/xdisk/rpalaniv/cjperkins1/kmers-gwas/genomes/varitome/fastq/SRX4183257_SRR7279534_2.fastq.gz	SRR7279534
CW0174	SRR7279576	/xdisk/rpalaniv/cjperkins1/kmers-gwas/genomes/varitome/fastq/SRX4183215_SRR7279576_1.fastq.gz	/xdisk/rpalaniv/cjperkins1/kmers-gwas/genomes/varitome/fastq/SRX4183215_SRR7279576_2.fastq.gz	SRR7279576
CW0176	SRR7279608	/xdisk/rpalaniv/cjperkins1/kmers-gwas/genomes/varitome/fastq/SRX4183183_SRR7279608_1.fastq.gz	/xdisk/rpalaniv/cjperkins1/kmers-gwas/genomes/varitome/fastq/SRX4183183_SRR7279608_2.fastq.gz	SRR7279608
CW0177	SRR7279668	/xdisk/rpalaniv/cjperkins1/kmers-gwas/genomes/varitome/fastq/SRX4183123_SRR7279668_1.fastq.gz	/xdisk/rpalaniv/cjperkins1/kmers-gwas/genomes/varitome/fastq/SRX4183123_SRR7279668_2.fastq.gz	SRR7279668
CW0178	SRR7279536	/xdisk/rpalaniv/cjperkins1/kmers-gwas/genomes/varitome/fastq/SRX4183255_SRR7279536_1.fastq.gz	/xdisk/rpalaniv/cjperkins1/kmers-gwas/genomes/varitome/fastq/SRX4183255_SRR7279536_2.fastq.gz	SRR7279536
CW0179	SRR7279525	/xdisk/rpalaniv/cjperkins1/kmers-gwas/genomes/varitome/fastq/SRX4183266_SRR7279525_1.fastq.gz	/xdisk/rpalaniv/cjperkins1/kmers-gwas/genomes/varitome/fastq/SRX4183266_SRR7279525_2.fastq.gz	SRR7279525
CW0180	SRR7279571	/xdisk/rpalaniv/cjperkins1/kmers-gwas/genomes/varitome/fastq/SRX4183220_SRR7279571_1.fastq.gz	/xdisk/rpalaniv/cjperkins1/kmers-gwas/genomes/varitome/fastq/SRX4183220_SRR7279571_2.fastq.gz	SRR7279571
CW0181	SRR7279613	/xdisk/rpalaniv/cjperkins1/kmers-gwas/genomes/varitome/fastq/SRX4183178_SRR7279613_1.fastq.gz	/xdisk/rpalaniv/cjperkins1/kmers-gwas/genomes/varitome/fastq/SRX4183178_SRR7279613_2.fastq.gz	SRR7279613
CW1000	SRR7279677	/xdisk/rpalaniv/cjperkins1/kmers-gwas/genomes/varitome/fastq/SRX4183114_SRR7279677_1.fastq.gz	/xdisk/rpalaniv/cjperkins1/kmers-gwas/genomes/varitome/fastq/SRX4183114_SRR7279677_2.fastq.gz	SRR7279677
CW1002	SRR7279696	/xdisk/rpalaniv/cjperkins1/kmers-gwas/genomes/varitome/fastq/SRX4183095_SRR7279696_1.fastq.gz	/xdisk/rpalaniv/cjperkins1/kmers-gwas/genomes/varitome/fastq/SRX4183095_SRR7279696_2.fastq.gz	SRR7279696
CW1003	SRR7279666	/xdisk/rpalaniv/cjperkins1/kmers-gwas/genomes/varitome/fastq/SRX4183125_SRR7279666_1.fastq.gz	/xdisk/rpalaniv/cjperkins1/kmers-gwas/genomes/varitome/fastq/SRX4183125_SRR7279666_2.fastq.gz	SRR7279666
CW1005	SRR7279693	/xdisk/rpalaniv/cjperkins1/kmers-gwas/genomes/varitome/fastq/SRX4183098_SRR7279693_1.fastq.gz	/xdisk/rpalaniv/cjperkins1/kmers-gwas/genomes/varitome/fastq/SRX4183098_SRR7279693_2.fastq.gz	SRR7279693
CW1007	SRR7279672	/xdisk/rpalaniv/cjperkins1/kmers-gwas/genomes/varitome/fastq/SRX4183119_SRR7279672_1.fastq.gz	/xdisk/rpalaniv/cjperkins1/kmers-gwas/genomes/varitome/fastq/SRX4183119_SRR7279672_2.fastq.gz	SRR7279672
CW1009	SRR7279700	/xdisk/rpalaniv/cjperkins1/kmers-gwas/genomes/varitome/fastq/SRX4183091_SRR7279700_1.fastq.gz	/xdisk/rpalaniv/cjperkins1/kmers-gwas/genomes/varitome/fastq/SRX4183091_SRR7279700_2.fastq.gz	SRR7279700
CW1011	SRR7279580	/xdisk/rpalaniv/cjperkins1/kmers-gwas/genomes/varitome/fastq/SRX4183211_SRR7279580_1.fastq.gz	/xdisk/rpalaniv/cjperkins1/kmers-gwas/genomes/varitome/fastq/SRX4183211_SRR7279580_2.fastq.gz	SRR7279580
CW1012	SRR7279686	/xdisk/rpalaniv/cjperkins1/kmers-gwas/genomes/varitome/fastq/SRX4183105_SRR7279686_1.fastq.gz	/xdisk/rpalaniv/cjperkins1/kmers-gwas/genomes/varitome/fastq/SRX4183105_SRR7279686_2.fastq.gz	SRR7279686
CW1013	SRR7279694	/xdisk/rpalaniv/cjperkins1/kmers-gwas/genomes/varitome/fastq/SRX4183097_SRR7279694_1.fastq.gz	/xdisk/rpalaniv/cjperkins1/kmers-gwas/genomes/varitome/fastq/SRX4183097_SRR7279694_2.fastq.gz	SRR7279694
CW1018	SRR7279710	/xdisk/rpalaniv/cjperkins1/kmers-gwas/genomes/varitome/fastq/SRX4183081_SRR7279710_1.fastq.gz	/xdisk/rpalaniv/cjperkins1/kmers-gwas/genomes/varitome/fastq/SRX4183081_SRR7279710_2.fastq.gz	SRR7279710
CW1021	SRR7279720	/xdisk/rpalaniv/cjperkins1/kmers-gwas/genomes/varitome/fastq/SRX4183071_SRR7279720_1.fastq.gz	/xdisk/rpalaniv/cjperkins1/kmers-gwas/genomes/varitome/fastq/SRX4183071_SRR7279720_2.fastq.gz	SRR7279720
CW1022	SRR7279506	/xdisk/rpalaniv/cjperkins1/kmers-gwas/genomes/varitome/fastq/SRX4183285_SRR7279506_1.fastq.gz	/xdisk/rpalaniv/cjperkins1/kmers-gwas/genomes/varitome/fastq/SRX4183285_SRR7279506_2.fastq.gz	SRR7279506
CW1023	SRR7279665	/xdisk/rpalaniv/cjperkins1/kmers-gwas/genomes/varitome/fastq/SRX4183126_SRR7279665_1.fastq.gz	/xdisk/rpalaniv/cjperkins1/kmers-gwas/genomes/varitome/fastq/SRX4183126_SRR7279665_2.fastq.gz	SRR7279665
CW1024	SRR7279483	/xdisk/rpalaniv/cjperkins1/kmers-gwas/genomes/varitome/fastq/SRX4183308_SRR7279483_1.fastq.gz	/xdisk/rpalaniv/cjperkins1/kmers-gwas/genomes/varitome/fastq/SRX4183308_SRR7279483_2.fastq.gz	SRR7279483
CW1025	SRR7279698	/xdisk/rpalaniv/cjperkins1/kmers-gwas/genomes/varitome/fastq/SRX4183093_SRR7279698_1.fastq.gz	/xdisk/rpalaniv/cjperkins1/kmers-gwas/genomes/varitome/fastq/SRX4183093_SRR7279698_2.fastq.gz	SRR7279698
CW1026	SRR7279721	/xdisk/rpalaniv/cjperkins1/kmers-gwas/genomes/varitome/fastq/SRX4183070_SRR7279721_1.fastq.gz	/xdisk/rpalaniv/cjperkins1/kmers-gwas/genomes/varitome/fastq/SRX4183070_SRR7279721_2.fastq.gz	SRR7279721
CW1027	SRR7279692	/xdisk/rpalaniv/cjperkins1/kmers-gwas/genomes/varitome/fastq/SRX4183099_SRR7279692_1.fastq.gz	/xdisk/rpalaniv/cjperkins1/kmers-gwas/genomes/varitome/fastq/SRX4183099_SRR7279692_2.fastq.gz	SRR7279692
CW1028	SRR7279667	/xdisk/rpalaniv/cjperkins1/kmers-gwas/genomes/varitome/fastq/SRX4183124_SRR7279667_1.fastq.gz	/xdisk/rpalaniv/cjperkins1/kmers-gwas/genomes/varitome/fastq/SRX4183124_SRR7279667_2.fastq.gz	SRR7279667
CW1029	SRR7279687	/xdisk/rpalaniv/cjperkins1/kmers-gwas/genomes/varitome/fastq/SRX4183104_SRR7279687_1.fastq.gz	/xdisk/rpalaniv/cjperkins1/kmers-gwas/genomes/varitome/fastq/SRX4183104_SRR7279687_2.fastq.gz	SRR7279687
CW1030	SRR7279505	/xdisk/rpalaniv/cjperkins1/kmers-gwas/genomes/varitome/fastq/SRX4183286_SRR7279505_1.fastq.gz	/xdisk/rpalaniv/cjperkins1/kmers-gwas/genomes/varitome/fastq/SRX4183286_SRR7279505_2.fastq.gz	SRR7279505
CW1031	SRR7279638	/xdisk/rpalaniv/cjperkins1/kmers-gwas/genomes/varitome/fastq/SRX4183153_SRR7279638_1.fastq.gz	/xdisk/rpalaniv/cjperkins1/kmers-gwas/genomes/varitome/fastq/SRX4183153_SRR7279638_2.fastq.gz	SRR7279638
CW1032	SRR7279623	/xdisk/rpalaniv/cjperkins1/kmers-gwas/genomes/varitome/fastq/SRX4183168_SRR7279623_1.fastq.gz	/xdisk/rpalaniv/cjperkins1/kmers-gwas/genomes/varitome/fastq/SRX4183168_SRR7279623_2.fastq.gz	SRR7279623
CW1035	SRR7279535	/xdisk/rpalaniv/cjperkins1/kmers-gwas/genomes/varitome/fastq/SRX4183256_SRR7279535_1.fastq.gz	/xdisk/rpalaniv/cjperkins1/kmers-gwas/genomes/varitome/fastq/SRX4183256_SRR7279535_2.fastq.gz	SRR7279535
CW1037	SRR7279583	/xdisk/rpalaniv/cjperkins1/kmers-gwas/genomes/varitome/fastq/SRX4183208_SRR7279583_1.fastq.gz	/xdisk/rpalaniv/cjperkins1/kmers-gwas/genomes/varitome/fastq/SRX4183208_SRR7279583_2.fastq.gz	SRR7279583
CW1039	SRR7279683	/xdisk/rpalaniv/cjperkins1/kmers-gwas/genomes/varitome/fastq/SRX4183108_SRR7279683_1.fastq.gz	/xdisk/rpalaniv/cjperkins1/kmers-gwas/genomes/varitome/fastq/SRX4183108_SRR7279683_2.fastq.gz	SRR7279683
